Related Keywords,                    Estimated Monthly searches
interior design,                     "220,929"
industrial design,                   "24,261 - 220,928"
home interior design,                "2,142 - 24,260"
interior decorating,                 "24,261 - 220,928"
interior designer,                   "24,261 - 220,928"
home decorating,                     "24,261 - 220,928"
home design,                         "24,261 - 220,928"
interior design idea,                "2,142 - 24,260"
graphic design,                      "220,929"
home decor,                          "220,929"
residential architect,               "2,142 - 24,260"
architectural design,                "2,142 - 24,260"
industrial design,                   "24,261 - 220,928"
decorating,                          "24,261 - 220,928"
product design,                      "2,142 - 24,260"
construction,                        "220,929"
web design,                          "220,929"
graphic designer,                    "24,261 - 220,928"
interior design school,              "24,261 - 220,928"
house plan,                          "220,929"
home furnishing,                     "220,929"
fashion,                             "220,929"
home architect,                      "2,142 - 24,260"
floor plan,                          "24,261 - 220,928"
jewelry,                             "220,929"
gift,                                "220,929"
house design,                        "2,142 - 24,260"
interior,                            "24,261 - 220,928"
furniture,                           "220,929"
engineering,                         "24,261 - 220,928"
architect jobs,                      "2,142 - 24,260"
design web site,                     "220,929"
contractor,                          "24,261 - 220,928"
web designer,                        "24,261 - 220,928"
residential interior design,         "2,142 - 24,260"
interior architecture,               "2,142 - 24,260"
interior design course,              "2,142 - 24,260"
handbag,                             "220,929"
architecture interior design,        "2,142 - 24,260"
home,                                "220,929"
home interior decorating,            "2,142 - 24,260"
industrial designer,                 "2,142 - 24,260"
interior design online,              "134 - 2,141"
architecture design,                 "2,142 - 24,260"
residential design,                  "2,142 - 24,260"
interior design magazine,            "2,142 - 24,260"
architect design,                    "134 - 2,141"
interior design services,            "134 - 2,141"
architectural,                       "2,142 - 24,260"
product design and development,      "2,142 - 24,260"
modern interior design,              "134 - 2,141"
interior decorator,                  "2,142 - 24,260"
interior decorators,                 "2,142 - 24,260"
interior decorators designer,        "24,261 - 220,928"
architect,                           "24,261 - 220,928"
interior design company,             "134 - 2,141"
residential interior designer,       "9 - 133"
interior design business,            "134 - 2,141"
interior design decorator,           "9 - 133"
interior design consultant,          "134 - 2,141"
interior design program,             "134 - 2,141"
home decoration,                     "24,261 - 220,928"
decorator,                           "2,142 - 24,260"
designing interior,                  "2,142 - 24,260"
find interior designer,              "9 - 133"
new home interior design,            "9 - 133"
texas interior designer,             "9 - 133"
interior design web site,            "134 - 2,141"
interior designer jobs,              "134 - 2,141"
interior design firm,                "134 - 2,141"
interior design college,             "2,142 - 24,260"
how to become an interior designer,  "134 - 2,141"
illinois interior designer,          "134 - 2,141"
interior design resource,            "9 - 133"
interior designer home,              "134 - 2,141"
florida interior designer,           "134 - 2,141"
commercial interior design,          "2,142 - 24,260"
interior designer portfolio,         "134 - 2,141"
contemporary interior designer,      "9 - 133"
san francisco interior designer,     "134 - 2,141"
commercial interior designer,        "134 - 2,141"
home designer,                       "2,142 - 24,260"
design decorating interior,          "2,142 - 24,260"
new york interior designer,          "2,142 - 24,260"
interior design career information,  "134 - 2,141"
surveyor,                            "24,261 - 220,928"
california interior designer,        "9 - 133"
contemporary interior design,        "134 - 2,141"
home decorators,                     "2,142 - 24,260"
beautiful home,                      "2,142 - 24,260"
online interior designer,            "9 - 133"
office interior design,              "2,142 - 24,260"
interior design diploma,             "134 - 2,141"
interior design furniture,           "134 - 2,141"
rhode island interior designer,      "9 - 133"
interior design site,                "9 - 133"
product management,                  "2,142 - 24,260"
product catalog software,            "9 - 133"
create catalog,                      "134 - 2,141"
online catalog software,             "134 - 2,141"
web catalog software,                "134 - 2,141"
product development,                 "2,142 - 24,260"
product manager,                     "134 - 2,141"
product data management,             "134 - 2,141"
new product development,             "2,142 - 24,260"
management product training,         "134 - 2,141"
product portfolio management,        "134 - 2,141"
product development management,      "9 - 133"
catalog management,                  "134 - 2,141"
project management,                  "24,261 - 220,928"
project management software,         "24,261 - 220,928"
product development process,         "134 - 2,141"
new product management,              "134 - 2,141"
interior south dakota,               "9 - 133"
interior decoration,                 "2,142 - 24,260"
interior decor,                      "2,142 - 24,260"
home interior,                       "220,929"
interior school,                     "134 - 2,141"
furnishing,                          "24,261 - 220,928"
interior design tip,                 "134 - 2,141"
renovation,                          "2,142 - 24,260"
home accessory,                      "2,142 - 24,260"
furniture style,                     "134 - 2,141"
interior design education,           "134 - 2,141"
interior design information,         "134 - 2,141"
decoration,                          "24,261 - 220,928"
home remodeling,                     "24,261 - 220,928"
furniture design,                    "2,142 - 24,260"
home project,                        "134 - 2,141"
creative interior furniture,         "134 - 2,141"
wood furniture,                      "24,261 - 220,928"
architecture,                        "24,261 - 220,928"
residential architect,               "2,142 - 24,260"
home design,                         "24,261 - 220,928"
home architect,                      "2,142 - 24,260"
construction,                        "220,929"
architect design,                    "134 - 2,141"
architect jobs,                      "2,142 - 24,260"
commercial architect,                "134 - 2,141"
architectural design,                "2,142 - 24,260"
landscape architect,                 "2,142 - 24,260"
interior designer,                   "24,261 - 220,928"
house design,                        "2,142 - 24,260"
find an architect,                   "9 - 133"
architect designer,                  "134 - 2,141"
architect engineer,                  "134 - 2,141"
architect firm,                      "134 - 2,141"
architectural,                       "2,142 - 24,260"
interior architect,                  "134 - 2,141"
home builder,                        "220,929"
architect building,                  "134 - 2,141"
architecture firm,                   "2,142 - 24,260"